time,user_id,channel_capacity,estimated_throughput,selected_bitrate
0,0,8130.99,7298.6,4000
0,1,4066.51,4570.2,4000
0,2,2124.79,2695.43,2000
0,3,8645.08,9211.31,8000
0,4,3943.41,4061.44,2000
0,5,1642.77,1727.06,1000
0,6,8358.38,8646.08,4000
0,7,4243.15,4414.67,2000
1,0,8127.61,7064.8,4000
1,1,3802.08,4075.42,2000
1,2,2248.18,2415.13,2000
1,3,8339.87,8282.25,4000
1,4,3995.63,3702.48,2000
1,5,1348.82,1600.71,1000
1,6,8026.33,7866.79,4000
1,7,4292.36,4238.95,2000
2,0,7958.38,6668.77,4000
2,1,3955.0,3753.99,2000
2,2,2402.83,2436.06,2000
2,3,8572.69,8329.46,4000
2,4,3785.83,3657.62,2000
2,5,1302.43,1417.06,1000
2,6,8109.15,7516.73,4000
2,7,4536.25,4323.05,2000
3,0,7980.15,6629.69,4000
3,1,3880.25,3598.79,2000
3,2,2416.59,2448.07,2000
3,3,8075.8,7728.74,4000
3,4,3730.91,3584.46,2000
3,5,1356.0,1422.45,1000
3,6,8478.62,6984.4,4000
3,7,4406.68,4040.28,2000
4,0,8054.18,6597.04,4000
4,1,3945.51,3618.57,2000
4,2,2417.36,2422.14,2000
4,3,8017.15,7224.62,4000
4,4,3377.06,3065.57,2000
4,5,1292.9,1269.71,1000
4,6,8392.94,6700.22,4000
4,7,4206.11,4158.22,2000
5,0,8006.09,7113.43,4000
5,1,4020.9,3327.43,2000
5,2,2412.15,2133.07,1000
5,3,7724.98,6854.95,4000
5,4,3662.77,2872.18,2000
5,5,1405.69,1205.6,1000
5,6,8590.7,6765.7,4000
5,7,3978.76,3991.13,2000
6,0,7810.27,6889.83,4000
6,1,3940.38,3369.03,2000
6,2,2534.18,2248.79,2000
6,3,7417.27,6878.65,4000
6,4,3719.64,2752.46,2000
6,5,1601.77,1303.72,1000
6,6,8188.83,6534.49,4000
6,7,4024.92,3591.79,2000
7,0,8276.72,7279.37,4000
7,1,4058.84,3447.16,2000
7,2,2355.48,2095.72,1000
7,3,7581.41,6350.19,4000
7,4,3475.97,2878.1,2000
7,5,1719.83,1377.82,1000
7,6,8478.48,6725.65,4000
7,7,3819.75,3663.16,2000
8,0,8433.13,7111.52,4000
8,1,3844.55,3107.53,2000
8,2,2194.85,2101.78,1000
8,3,7702.02,6087.26,4000
8,4,3420.1,2774.51,2000
8,5,1826.93,1495.76,1000
8,6,8596.79,7099.68,4000
8,7,3801.54,3400.66,2000
9,0,8703.9,7812.84,4000
9,1,4108.0,3617.59,2000
9,2,1988.2,2153.06,1000
9,3,7467.57,6720.25,4000
9,4,3548.86,2956.47,2000
9,5,1904.0,1683.26,1000
9,6,8725.55,7283.99,4000
9,7,4764.73,3759.1,2000
10,0,8582.55,8068.58,4000
10,1,4128.47,3570.63,2000
10,2,2335.4,2132.59,1000
10,3,7000.75,7018.49,4000
10,4,3720.42,3063.38,2000
10,5,1662.09,1693.1,1000
10,6,8607.57,7698.71,4000
10,7,5036.96,3994.77,2000
11,0,9118.54,8590.78,4000
11,1,4286.95,3952.54,2000
11,2,2031.63,1992.56,1000
11,3,7047.36,6921.07,4000
11,4,3554.98,3134.88,2000
11,5,1789.95,1669.53,1000
11,6,8409.44,8580.02,4000
11,7,5008.28,4390.09,2000
12,0,8803.32,8830.36,4000
12,1,4516.42,4279.14,2000
12,2,2349.95,2001.76,1000
12,3,7305.48,7016.83,4000
12,4,3175.13,2683.84,2000
12,5,1717.32,1604.7,1000
12,6,8726.16,8524.69,4000
12,7,4831.36,4251.19,2000
13,0,9211.42,8537.83,4000
13,1,4158.88,4329.55,2000
13,2,2283.94,2106.87,1000
13,3,7338.17,6915.03,4000
13,4,3535.45,2950.43,2000
13,5,1501.94,1547.83,1000
13,6,9016.95,8718.43,4000
13,7,4833.92,4570.04,4000
14,0,9607.93,8520.96,4000
14,1,3849.43,3785.5,2000
14,2,2603.9,1994.32,1000
14,3,6850.14,6865.95,4000
14,4,3497.51,3117.72,2000
14,5,1590.19,1533.06,1000
14,6,9087.2,8221.88,4000
14,7,4678.25,4358.22,2000
15,0,9602.7,9202.17,8000
15,1,3878.76,3955.47,2000
15,2,2795.55,2398.92,2000
15,3,6702.25,6823.18,4000
15,4,3634.28,3384.22,2000
15,5,1559.86,1519.32,1000
15,6,9032.78,8596.91,4000
15,7,4952.94,4507.63,4000
16,0,9626.95,8724.46,4000
16,1,4027.55,3857.76,2000
16,2,2672.81,2336.43,2000
16,3,7225.35,6571.61,4000
16,4,3382.78,3023.16,2000
16,5,1377.73,1413.79,1000
16,6,9322.31,7785.63,4000
16,7,5150.86,4557.25,4000
17,0,9509.19,8450.46,4000
17,1,4085.56,3685.14,2000
17,2,2455.6,2160.09,1000
17,3,6873.48,6039.66,4000
17,4,3203.17,3009.34,2000
17,5,1345.71,1288.76,1000
17,6,9400.04,7589.89,4000
17,7,5519.7,4800.3,4000
18,0,9565.21,9127.35,8000
18,1,4088.71,3583.93,2000
18,2,2470.25,2269.48,2000
18,3,6680.23,5543.35,4000
18,4,3209.29,2661.51,2000
18,5,1420.41,1184.52,1000
18,6,9762.82,7706.47,4000
18,7,5759.51,5360.55,4000
19,0,9340.61,8602.58,4000
19,1,4211.69,3659.82,2000
19,2,2272.22,2197.33,1000
19,3,7138.09,5899.26,4000
19,4,3504.15,2659.66,2000
19,5,1350.04,1153.46,1000
19,6,9334.54,7553.11,4000
19,7,6000.0,5435.21,4000
20,0,8957.08,9255.19,8000
20,1,4531.11,3937.17,2000
20,2,2322.06,2207.46,1000
20,3,6950.97,6022.67,4000
20,4,3891.94,2941.5,2000
20,5,1367.39,1051.85,500
20,6,9629.36,7583.83,4000
20,7,6000.0,5590.86,4000
21,0,9364.24,8103.19,4000
21,1,4186.08,3767.93,2000
21,2,2066.56,2032.8,1000
21,3,6937.09,5621.77,4000
21,4,3987.96,3086.44,2000
21,5,1362.48,1083.54,500
21,6,9112.5,7181.45,4000
21,7,5977.72,5054.66,4000
22,0,9337.48,8155.14,4000
22,1,3927.27,3648.03,2000
22,2,1983.51,1857.08,1000
22,3,6637.62,5429.11,4000
22,4,4479.14,3007.41,2000
22,5,1367.77,1197.0,1000
22,6,8937.57,7438.88,4000
22,7,6000.0,5107.72,4000
23,0,9305.5,8847.45,4000
23,1,3688.39,3586.73,2000
23,2,1742.54,1747.72,1000
23,3,6688.48,5349.13,4000
23,4,4290.05,2943.03,2000
23,5,1154.43,1103.95,500
23,6,8775.93,7573.14,4000
23,7,5729.61,5668.58,4000
24,0,8955.86,8228.55,4000
24,1,3829.13,3422.17,2000
24,2,1644.95,1558.22,1000
24,3,6566.7,5646.27,4000
24,4,4141.95,3123.1,2000
24,5,1024.84,1036.18,500
24,6,8788.06,7155.39,4000
24,7,5521.88,5418.12,4000
25,0,8548.97,7574.46,4000
25,1,3841.15,3246.89,2000
25,2,1683.9,1534.76,1000
25,3,6340.62,5464.74,4000
25,4,4301.6,3325.53,2000
25,5,1000.0,1018.3,500
25,6,8771.54,7603.98,4000
25,7,5219.12,5221.56,4000
26,0,8641.76,7082.83,4000
26,1,3690.15,3208.29,2000
26,2,1696.89,1493.82,1000
26,3,6301.7,6104.31,4000
26,4,4593.55,3644.87,2000
26,5,1038.16,945.04,500
26,6,8855.94,7017.87,4000
26,7,5116.15,4855.56,4000
27,0,8723.49,7309.22,4000
27,1,3635.38,3098.07,2000
27,2,1821.3,1459.87,1000
27,3,5748.92,5664.65,4000
27,4,4652.45,3663.27,2000
27,5,1153.79,915.69,500
27,6,8486.29,7056.04,4000
27,7,5402.09,4939.5,4000
28,0,8656.02,7220.55,4000
28,1,3390.69,3193.8,2000
28,2,1754.66,1336.65,1000
28,3,5843.24,5976.0,4000
28,4,4841.7,3815.16,2000
28,5,1015.47,856.94,500
28,6,8703.69,7259.21,4000
28,7,5741.0,5234.96,4000
29,0,8458.4,7223.73,4000
29,1,3508.55,3215.62,2000
29,2,2036.96,1473.03,1000
29,3,6179.6,5399.83,4000
29,4,5239.99,3783.09,2000
29,5,1000.0,809.59,500
29,6,8456.29,6890.89,4000
29,7,5709.55,4786.58,4000
30,0,8393.5,7318.63,4000
30,1,3132.77,3202.23,2000
30,2,2000.1,1446.49,1000
30,3,6111.42,5231.35,4000
30,4,4565.77,4008.91,2000
30,5,1000.0,835.33,500
30,6,8398.56,6772.78,4000
30,7,5883.61,4641.73,4000
31,0,8385.32,7328.97,4000
31,1,2996.91,2703.36,2000
31,2,1893.18,1398.3,1000
31,3,6138.03,4966.75,4000
31,4,4502.03,3894.79,2000
31,5,1225.6,915.49,500
31,6,7735.82,6554.0,4000
31,7,6000.0,4334.74,2000
32,0,8254.19,7161.0,4000
32,1,3119.26,2717.6,2000
32,2,1709.86,1371.64,1000
32,3,6316.27,4780.18,4000
32,4,4441.95,3852.06,2000
32,5,1169.38,903.92,500
32,6,7913.56,6261.24,4000
32,7,6000.0,4690.33,4000
33,0,7865.03,6999.77,4000
33,1,3270.76,2757.03,2000
33,2,1517.79,1333.58,1000
33,3,6754.97,4808.29,4000
33,4,3921.46,3752.88,2000
33,5,1423.84,875.53,500
33,6,7966.31,6701.9,4000
33,7,5975.82,4732.62,4000
34,0,7730.09,6947.02,4000
34,1,3076.18,2847.19,2000
34,2,1547.17,1212.28,1000
34,3,6510.38,4489.1,4000
34,4,4023.53,3564.49,2000
34,5,1168.46,878.63,500
34,6,8223.6,6421.6,4000
34,7,6000.0,4433.26,2000
35,0,7486.12,6553.88,4000
35,1,3339.59,2859.41,2000
35,2,1404.76,1207.62,1000
35,3,7168.48,4525.11,4000
35,4,4146.86,3574.39,2000
35,5,1196.18,982.34,500
35,6,8009.01,6886.74,4000
35,7,6000.0,4543.21,4000
36,0,7641.57,6772.58,4000
36,1,2947.04,2836.09,2000
36,2,1295.69,1178.76,1000
36,3,7106.6,5041.58,4000
36,4,4128.25,3484.39,2000
36,5,1289.28,1023.45,500
36,6,8053.44,6705.49,4000
36,7,5666.16,5035.97,4000
37,0,7631.68,6280.19,4000
37,1,3117.41,2764.81,2000
37,2,1299.94,1157.11,1000
37,3,7114.04,4968.23,4000
37,4,4362.82,3681.06,2000
37,5,1211.88,1036.98,500
37,6,8077.47,6604.84,4000
37,7,5550.6,4857.86,4000
38,0,7652.25,6553.36,4000
38,1,3383.78,2616.07,2000
38,2,1222.34,1036.59,500
38,3,7466.37,4942.43,4000
38,4,4937.54,3749.81,2000
38,5,1157.45,1038.56,500
38,6,7966.09,7191.04,4000
38,7,5913.94,4803.23,4000
39,0,7371.57,6381.41,4000
39,1,3479.38,2584.79,2000
39,2,1247.31,1122.35,1000
39,3,7589.48,4997.14,4000
39,4,5009.84,3666.92,2000
39,5,1525.75,1145.1,1000
39,6,7806.66,7119.67,4000
39,7,5781.19,5386.3,4000
40,0,7218.38,5979.83,4000
40,1,3382.46,2553.79,2000
40,2,1290.19,1111.52,1000
40,3,7673.1,5457.95,4000
40,4,5174.47,4506.72,4000
40,5,1827.28,1198.61,1000
40,6,7762.42,6951.97,4000
40,7,5581.62,5736.94,4000
41,0,7366.04,5874.47,4000
41,1,3659.63,2781.66,2000
41,2,1413.26,1184.34,1000
41,3,7799.92,5641.26,4000
41,4,5441.14,4595.32,4000
41,5,2002.67,1301.81,1000
41,6,8107.96,7254.05,4000
41,7,5743.8,5674.49,4000
42,0,7428.39,5966.88,4000
42,1,4054.0,2817.17,2000
42,2,1398.97,1181.14,1000
42,3,7869.67,5620.8,4000
42,4,5593.11,4584.22,4000
42,5,2030.66,1365.79,1000
42,6,7996.35,7657.42,4000
42,7,5792.32,5368.33,4000
43,0,7066.38,5782.93,4000
43,1,3504.3,2849.12,2000
43,2,1464.97,1215.06,1000
43,3,7744.16,5901.98,4000
43,4,5337.81,4377.17,2000
43,5,2136.92,1417.03,1000
43,6,8057.3,7115.12,4000
43,7,5651.3,5021.17,4000
44,0,6753.5,5675.9,4000
44,1,3865.24,2979.23,2000
44,2,1452.65,1253.93,1000
44,3,8023.48,6316.09,4000
44,4,5423.49,4160.69,2000
44,5,2205.43,1683.45,1000
44,6,8199.74,6904.22,4000
44,7,5763.23,4910.98,4000
45,0,6641.95,5268.71,4000
45,1,3392.85,3042.13,2000
45,2,1384.8,1232.57,1000
45,3,7417.51,6031.18,4000
45,4,5027.51,4052.28,2000
45,5,2319.49,1757.9,1000
45,6,8396.19,6550.91,4000
45,7,5869.59,4575.26,4000
46,0,6391.55,5385.27,4000
46,1,3322.58,2955.5,2000
46,2,1654.45,1304.66,1000
46,3,7577.72,6471.97,4000
46,4,4884.72,4263.55,2000
46,5,2405.38,1870.18,1000
46,6,8746.03,6968.05,4000
46,7,6000.0,4528.05,4000
47,0,6228.69,5551.04,4000
47,1,3201.61,3040.09,2000
47,2,1606.4,1276.71,1000
47,3,7683.77,6572.08,4000
47,4,5015.43,4311.06,2000
47,5,2319.32,1769.11,1000
47,6,8739.94,6790.32,4000
47,7,6000.0,4933.51,4000
48,0,6284.81,5806.81,4000
48,1,3463.38,2725.18,2000
48,2,1858.99,1495.4,1000
48,3,7569.04,6609.16,4000
48,4,5285.1,4286.36,2000
48,5,2313.55,1786.05,1000
48,6,8696.79,6733.19,4000
48,7,6000.0,5395.87,4000
49,0,6477.73,5767.77,4000
49,1,2751.25,2613.92,2000
49,2,2031.31,1530.2,1000
49,3,7134.12,6194.4,4000
49,4,5194.49,4020.89,2000
49,5,2145.6,1778.3,1000
49,6,8373.11,6401.45,4000
49,7,6000.0,5285.12,4000
50,0,6397.32,5618.57,4000
50,1,3270.43,2741.15,2000
50,2,2088.6,1612.92,1000
50,3,7241.63,6110.57,4000
50,4,5452.06,4328.43,2000
50,5,2181.41,1815.46,1000
50,6,8308.35,6886.61,4000
50,7,5950.91,4936.2,4000
51,0,6674.37,6052.1,4000
51,1,3010.46,2763.74,2000
51,2,2180.51,1945.36,1000
51,3,6978.27,6026.23,4000
51,4,5296.11,4426.39,2000
51,5,2468.52,2025.22,1000
51,6,8260.68,7062.63,4000
51,7,6000.0,4743.81,4000
52,0,6658.33,6359.6,4000
52,1,3092.65,2608.74,2000
52,2,2228.72,1939.49,1000
52,3,7083.75,6089.96,4000
52,4,5699.54,4399.45,2000
52,5,2536.55,2021.45,1000
52,6,8199.64,7373.71,4000
52,7,6000.0,4596.85,4000
53,0,6498.59,5312.59,4000
53,1,2761.87,2700.4,2000
53,2,2475.02,1854.31,1000
53,3,7336.21,5644.48,4000
53,4,5527.5,4888.43,4000
53,5,2874.41,2237.61,2000
53,6,8445.09,7308.73,4000
53,7,5918.79,4942.05,4000
54,0,6310.1,5612.08,4000
54,1,2691.71,2364.45,2000
54,2,2221.08,1721.43,1000
54,3,7311.62,5795.76,4000
54,4,5280.36,4833.54,4000
54,5,2708.88,2038.73,1000
54,6,8490.06,6939.64,4000
54,7,6000.0,5034.65,4000
55,0,6366.08,5385.56,4000
55,1,3032.74,2312.85,2000
55,2,2239.86,1694.27,1000
55,3,7204.27,5545.73,4000
55,4,5310.93,4703.57,4000
55,5,2790.37,2146.5,1000
55,6,8502.27,6746.69,4000
55,7,6000.0,5289.63,4000
56,0,6524.52,5292.04,4000
56,1,3136.19,2235.11,2000
56,2,2212.07,1657.0,1000
56,3,7171.82,6239.28,4000
56,4,5321.88,4624.25,4000
56,5,2768.32,2246.41,2000
56,6,8743.24,6534.22,4000
56,7,6000.0,4906.38,4000
57,0,6533.04,5905.82,4000
57,1,2943.7,2190.2,1000
57,2,2247.13,1848.26,1000
57,3,6782.84,5913.94,4000
57,4,5404.6,4544.0,4000
57,5,2893.35,2338.46,2000
57,6,8244.81,6410.65,4000
57,7,6000.0,4586.96,4000
58,0,6349.16,5988.46,4000
58,1,3252.72,2451.63,2000
58,2,2410.83,1954.43,1000
58,3,6935.13,5923.04,4000
58,4,5131.53,4161.12,2000
58,5,2845.89,2275.27,2000
58,6,8548.08,5972.54,4000
58,7,6000.0,4783.46,4000
59,0,6446.31,5997.22,4000
59,1,3875.97,2662.21,2000
59,2,2409.92,1891.44,1000
59,3,7144.75,5806.61,4000
59,4,5151.98,4248.0,2000
59,5,2831.06,2360.79,2000
59,6,8777.85,6414.83,4000
59,7,5927.43,5127.58,4000
60,0,6448.9,5687.22,4000
60,1,3548.01,2807.52,2000
60,2,2250.15,1822.87,1000
60,3,7068.44,5628.97,4000
60,4,4999.61,4334.68,2000
60,5,2803.01,2364.05,2000
60,6,8792.02,6314.71,4000
60,7,6000.0,5678.85,4000
61,0,6486.06,5591.14,4000
61,1,3463.74,3013.58,2000
61,2,2158.14,1568.65,1000
61,3,6992.83,6144.74,4000
61,4,4902.56,3960.22,2000
61,5,2828.57,2313.7,2000
61,6,8832.16,6976.68,4000
61,7,6000.0,5384.21,4000
62,0,6341.93,5489.49,4000
62,1,2815.98,2766.84,2000
62,2,2076.21,1555.54,1000
62,3,7090.78,5730.42,4000
62,4,4532.83,3823.83,2000
62,5,2856.08,2479.56,2000
62,6,8828.33,7867.77,4000
62,7,6000.0,5405.78,4000
63,0,6174.67,5611.33,4000
63,1,3075.95,2759.73,2000
63,2,1985.36,1530.28,1000
63,3,7547.28,5787.35,4000
63,4,4702.31,3981.53,2000
63,5,2782.89,2350.13,2000
63,6,9367.66,7414.17,4000
63,7,5848.57,5051.73,4000
64,0,5837.88,5651.42,4000
64,1,2833.05,2531.16,2000
64,2,2165.43,1598.97,1000
64,3,7383.06,5956.05,4000
64,4,4440.59,3798.29,2000
64,5,2863.39,2717.21,2000
64,6,9664.09,7665.2,4000
64,7,6000.0,5280.12,4000
65,0,6220.0,6240.7,4000
65,1,2960.01,2335.14,2000
65,2,2246.17,1719.78,1000
65,3,7651.18,6064.47,4000
65,4,4349.35,4007.3,2000
65,5,2737.51,2585.24,2000
65,6,9402.88,7809.87,4000
65,7,5508.41,5100.21,4000
66,0,6342.75,5816.41,4000
66,1,3143.73,2568.5,2000
66,2,2345.6,1827.9,1000
66,3,7944.55,6719.71,4000
66,4,4394.6,4052.58,2000
66,5,2542.98,2325.22,2000
66,6,9502.81,7984.72,4000
66,7,5345.57,5009.8,4000
67,0,6290.49,5938.01,4000
67,1,2931.1,2358.23,2000
67,2,2258.52,1841.16,1000
67,3,8091.7,6813.3,4000
67,4,4812.08,3808.42,2000
67,5,2602.18,2298.12,2000
67,6,9203.83,8792.99,4000
67,7,5456.72,4812.24,4000
68,0,5935.9,5998.83,4000
68,1,2490.9,2477.92,2000
68,2,2029.68,1827.9,1000
68,3,8407.34,7258.25,4000
68,4,4674.12,3545.0,2000
68,5,2985.91,2310.22,2000
68,6,9062.77,8849.1,4000
68,7,5502.86,4933.83,4000
69,0,5650.48,5431.67,4000
69,1,2442.48,2574.06,2000
69,2,1922.15,1786.42,1000
69,3,7940.71,6704.03,4000
69,4,4653.45,3817.56,2000
69,5,2967.65,2483.91,2000
69,6,9441.13,8434.9,4000
69,7,5660.56,4620.5,4000
70,0,5533.97,5650.79,4000
70,1,2043.81,2224.3,2000
70,2,1999.19,1703.24,1000
70,3,7807.53,6808.73,4000
70,4,4360.97,3658.65,2000
70,5,2536.81,2300.75,2000
70,6,9434.26,8004.2,4000
70,7,6000.0,4924.34,4000
71,0,5907.14,5627.73,4000
71,1,2000.0,2017.96,1000
71,2,1995.99,1596.95,1000
71,3,7620.73,6755.82,4000
71,4,3754.91,3505.96,2000
71,5,2669.42,2157.52,1000
71,6,9618.47,8233.84,4000
71,7,5929.67,4840.22,4000
72,0,5723.49,5412.65,4000
72,1,2000.0,1821.03,1000
72,2,2026.07,1496.05,1000
72,3,7907.89,5977.13,4000
72,4,3500.95,3366.85,2000
72,5,2678.67,2243.0,2000
72,6,9725.67,8045.4,4000
72,7,6000.0,5338.82,4000
73,0,5677.77,5431.68,4000
73,1,2343.72,1895.51,1000
73,2,1929.18,1570.91,1000
73,3,7708.09,5764.8,4000
73,4,3380.26,3315.35,2000
73,5,2535.67,2189.94,1000
73,6,9756.34,8400.94,4000
73,7,6000.0,5006.97,4000
74,0,5706.08,5080.93,4000
74,1,2000.0,1918.32,1000
74,2,2067.06,1611.88,1000
74,3,7541.05,6455.31,4000
74,4,3848.59,3138.87,2000
74,5,2697.68,2235.09,2000
74,6,9644.51,7888.71,4000
74,7,6000.0,5139.42,4000
75,0,5712.14,5332.92,4000
75,1,2353.06,2247.05,2000
75,2,2055.12,1602.2,1000
75,3,7654.15,6507.49,4000
75,4,3582.99,3164.33,2000
75,5,2761.92,2337.19,2000
75,6,9597.72,8331.72,4000
75,7,6000.0,4993.43,4000
76,0,6036.39,5118.1,4000
76,1,2347.34,2111.26,1000
76,2,1905.22,1654.23,1000
76,3,7527.95,7080.35,4000
76,4,3793.15,3251.16,2000
76,5,2843.93,2257.92,2000
76,6,9537.99,7885.08,4000
76,7,5908.29,4993.54,4000
77,0,6107.21,4685.66,4000
77,1,2282.61,1955.24,1000
77,2,1993.22,1749.08,1000
77,3,7409.23,6991.26,4000
77,4,4010.97,3284.07,2000
77,5,2642.04,2437.41,2000
77,6,9569.58,7819.61,4000
77,7,6000.0,5373.06,4000
78,0,6383.98,4918.07,4000
78,1,2252.52,1954.61,1000
78,2,1667.32,1615.8,1000
78,3,7621.08,7243.16,4000
78,4,3877.14,3206.14,2000
78,5,2628.46,2412.62,2000
78,6,9652.58,7686.18,4000
78,7,6000.0,5507.43,4000
79,0,6379.13,5135.48,4000
79,1,2176.72,1819.28,1000
79,2,1787.32,1518.96,1000
79,3,7217.01,7378.35,4000
79,4,3613.72,2919.51,2000
79,5,2468.29,2400.12,2000
79,6,9890.16,8508.44,4000
79,7,6000.0,5486.54,4000
80,0,5703.32,5396.49,4000
80,1,2346.19,2011.4,1000
80,2,1689.2,1435.37,1000
80,3,6759.35,6391.3,4000
80,4,3741.52,3438.83,2000
80,5,2674.33,2344.17,2000
80,6,9855.79,8510.94,4000
80,7,6000.0,5460.98,4000
81,0,5517.7,4741.05,4000
81,1,2016.18,1966.67,1000
81,2,1597.44,1416.36,1000
81,3,6750.09,5988.43,4000
81,4,3634.19,3138.23,2000
81,5,2570.47,2267.89,2000
81,6,9504.21,8101.11,4000
81,7,5979.22,5074.04,4000
82,0,5786.7,4857.04,4000
82,1,2021.51,1884.06,1000
82,2,1882.62,1391.89,1000
82,3,6734.92,5668.11,4000
82,4,3457.09,3135.18,2000
82,5,2343.41,2222.38,2000
82,6,9053.43,7013.99,4000
82,7,5583.19,4754.33,4000
83,0,5753.89,4860.82,4000
83,1,2040.73,1888.79,1000
83,2,1848.89,1532.85,1000
83,3,6572.42,5469.31,4000
83,4,3499.25,2805.95,2000
83,5,2409.71,2147.46,1000
83,6,8780.83,7091.01,4000
83,7,5935.92,4236.68,2000
84,0,5793.85,4510.71,4000
84,1,2000.0,1934.72,1000
84,2,2038.74,1742.57,1000
84,3,6355.88,5506.65,4000
84,4,3741.62,2821.75,2000
84,5,2473.78,2207.05,1000
84,6,8619.27,7673.25,4000
84,7,6000.0,4143.99,2000
85,0,5521.11,4374.48,2000
85,1,2000.0,1806.34,1000
85,2,1872.89,1728.65,1000
85,3,6302.15,5626.78,4000
85,4,3664.61,2930.17,2000
85,5,2590.73,2140.31,1000
85,6,8946.85,7431.64,4000
85,7,6000.0,4590.93,4000
86,0,5412.01,4587.79,4000
86,1,2000.0,1781.21,1000
86,2,1859.63,1647.2,1000
86,3,6209.65,5499.52,4000
86,4,3599.91,2794.43,2000
86,5,2830.53,2222.84,2000
86,6,9087.08,7621.97,4000
86,7,5926.13,4696.1,4000
87,0,5215.07,4898.05,4000
87,1,2000.0,1660.88,1000
87,2,1834.41,1701.38,1000
87,3,6091.62,5623.67,4000
87,4,3105.09,2665.68,2000
87,5,2942.72,2282.08,2000
87,6,8818.89,7624.06,4000
87,7,5985.94,5050.48,4000
88,0,5292.08,5000.83,4000
88,1,2000.0,1635.24,1000
88,2,1874.78,1623.74,1000
88,3,6005.82,5231.15,4000
88,4,3260.48,2427.27,2000
88,5,2887.28,2764.82,2000
88,6,8913.17,7741.82,4000
88,7,5978.63,5202.12,4000
89,0,5430.98,4761.85,4000
89,1,2022.4,1656.22,1000
89,2,1845.18,1701.44,1000
89,3,5968.01,5161.94,4000
89,4,3211.75,2440.79,2000
89,5,3000.0,2484.74,2000
89,6,9061.56,7823.12,4000
89,7,5243.53,4833.43,4000
90,0,5612.26,4613.26,4000
90,1,2151.44,1774.99,1000
90,2,1748.96,1601.4,1000
90,3,6075.99,4773.47,4000
90,4,3411.85,2522.11,2000
90,5,3000.0,2543.59,2000
90,6,9358.79,6921.91,4000
90,7,5420.6,4768.19,4000
91,0,5777.07,4488.38,4000
91,1,2385.83,1673.08,1000
91,2,1507.83,1481.3,1000
91,3,5885.31,4926.6,4000
91,4,3219.57,2212.75,1000
91,5,2859.01,2535.13,2000
91,6,9566.16,7096.44,4000
91,7,5372.15,4649.13,4000
92,0,5896.16,4500.42,4000
92,1,2512.2,1675.94,1000
92,2,1666.86,1343.78,1000
92,3,6575.22,5356.05,4000
92,4,3317.67,2409.95,2000
92,5,2782.67,2373.37,2000
92,6,9559.76,7478.35,4000
92,7,4929.88,4187.78,2000
93,0,5559.69,4425.62,2000
93,1,2307.39,1767.26,1000
93,2,1595.42,1201.13,1000
93,3,6793.82,5498.62,4000
93,4,3383.31,2780.98,2000
93,5,2811.71,2551.54,2000
93,6,9772.49,7535.72,4000
93,7,4895.54,4029.77,2000
94,0,5713.63,4670.47,4000
94,1,2608.36,1876.3,1000
94,2,1574.51,1277.14,1000
94,3,6681.27,5808.98,4000
94,4,3383.45,2892.71,2000
94,5,2901.89,2846.32,2000
94,6,9411.52,8236.84,4000
94,7,4321.49,4175.72,2000
95,0,5869.18,4914.93,4000
95,1,2323.65,1782.92,1000
95,2,1730.37,1268.59,1000
95,3,6662.33,5934.18,4000
95,4,3551.07,2826.98,2000
95,5,2741.11,2633.16,2000
95,6,9023.08,7854.47,4000
95,7,4525.96,3971.54,2000
96,0,5812.03,4961.43,4000
96,1,2075.06,1772.08,1000
96,2,1346.02,1259.28,1000
96,3,6614.57,6228.98,4000
96,4,4154.22,2980.56,2000
96,5,2858.8,2558.85,2000
96,6,9018.27,7659.94,4000
96,7,4460.24,4087.61,2000
97,0,5853.22,5006.18,4000
97,1,2087.78,1626.73,1000
97,2,1372.02,1269.91,1000
97,3,6675.56,5849.83,4000
97,4,4098.42,2833.19,2000
97,5,3000.0,2391.7,2000
97,6,8618.04,7965.31,4000
97,7,4253.12,3880.0,2000
98,0,5977.78,5309.86,4000
98,1,2372.82,1642.27,1000
98,2,1609.11,1198.69,1000
98,3,6421.79,6472.12,4000
98,4,3895.7,2715.04,2000
98,5,2811.36,2428.21,2000
98,6,8559.54,7825.26,4000
98,7,4369.71,3727.0,2000
99,0,5424.81,5240.79,4000
99,1,2756.18,1712.38,1000
99,2,1395.51,1235.19,1000
99,3,6355.12,5946.18,4000
99,4,3788.39,3000.71,2000
99,5,2899.65,2426.56,2000
99,6,8160.01,7241.66,4000
99,7,4485.25,3895.51,2000
100,0,5346.55,4897.98,4000
100,1,2756.0,1907.25,1000
100,2,1207.95,1138.77,1000
100,3,6506.25,5801.04,4000
100,4,4008.98,2966.88,2000
100,5,2831.83,2603.09,2000
100,6,8042.5,6627.26,4000
100,7,4551.72,3925.81,2000
101,0,4854.02,4625.6,4000
101,1,2979.15,2156.52,1000
101,2,1026.28,1091.96,500
101,3,6688.94,5667.28,4000
101,4,4012.55,3123.73,2000
101,5,2688.74,2574.19,2000
101,6,7940.74,6219.06,4000
101,7,4723.3,3803.98,2000
102,0,5075.74,4476.18,4000
102,1,2873.96,2443.61,2000
102,2,1000.0,941.73,500
102,3,6738.68,5469.97,4000
102,4,4121.73,3097.32,2000
102,5,2749.39,2416.73,2000
102,6,8249.68,6451.23,4000
102,7,4455.54,3679.19,2000
103,0,4803.93,4669.84,4000
103,1,2602.5,2206.85,1000
103,2,1101.91,992.3,500
103,3,6451.48,5591.23,4000
103,4,4288.31,3160.89,2000
103,5,2818.77,2579.51,2000
103,6,7818.23,6599.95,4000
103,7,4286.14,3413.66,2000
104,0,4908.53,4784.89,4000
104,1,2952.9,2757.18,2000
104,2,1199.47,1036.11,500
104,3,6075.71,5598.05,4000
104,4,4551.29,3458.8,2000
104,5,2669.07,2593.38,2000
104,6,7722.24,6573.01,4000
104,7,4348.69,3320.44,2000
105,0,5018.41,4673.0,4000
105,1,3147.64,2681.92,2000
105,2,1268.14,982.73,500
105,3,6494.34,5586.1,4000
105,4,4549.9,3467.35,2000
105,5,2769.38,2506.91,2000
105,6,7449.31,6440.09,4000
105,7,4251.92,3544.82,2000
106,0,4480.07,4520.19,4000
106,1,3421.93,2618.66,2000
106,2,1196.31,971.74,500
106,3,6278.64,5395.5,4000
106,4,4723.27,3451.99,2000
106,5,2710.58,2262.69,2000
106,6,7714.3,6010.97,4000
106,7,4406.17,3938.13,2000
107,0,4346.12,4305.53,2000
107,1,2995.09,2713.08,2000
107,2,1028.84,902.98,500
107,3,6587.59,5356.11,4000
107,4,4684.29,3475.76,2000
107,5,2628.33,2233.31,2000
107,6,7754.3,6194.11,4000
107,7,4531.62,3782.66,2000
108,0,4000.0,4066.71,2000
108,1,2762.71,2501.47,2000
108,2,1000.0,866.11,500
108,3,6425.09,5331.84,4000
108,4,4663.43,3225.7,2000
108,5,2410.89,2328.82,2000
108,6,7523.84,6555.46,4000
108,7,4280.63,3554.07,2000
109,0,4000.0,3960.34,2000
109,1,2533.33,2379.8,2000
109,2,1152.65,822.73,500
109,3,6492.96,5703.28,4000
109,4,4801.3,3515.65,2000
109,5,2461.97,2239.23,2000
109,6,7621.51,6236.44,4000
109,7,3949.01,3511.31,2000
110,0,4000.0,3604.13,2000
110,1,2739.84,2451.41,2000
110,2,1087.13,796.85,500
110,3,6091.32,5240.36,4000
110,4,5238.7,3834.99,2000
110,5,2669.19,2176.23,1000
110,6,7298.44,6240.34,4000
110,7,4121.44,3622.99,2000
111,0,4124.92,3391.61,2000
111,1,2857.85,2518.03,2000
111,2,1098.53,851.33,500
111,3,6276.99,5688.77,4000
111,4,5359.26,4192.14,2000
111,5,2483.54,2195.14,1000
111,6,7515.73,5947.44,4000
111,7,4343.26,3696.74,2000
112,0,4623.05,3663.74,2000
112,1,2666.18,2283.48,2000
112,2,1016.09,839.76,500
112,3,6491.89,5794.8,4000
112,4,5262.48,4020.03,2000
112,5,2476.73,2067.92,1000
112,6,7522.08,6443.87,4000
112,7,3863.34,3649.05,2000
113,0,4540.22,3699.37,2000
113,1,2513.12,2355.89,2000
113,2,1000.0,819.96,500
113,3,6285.53,5691.32,4000
113,4,5999.75,4270.96,2000
113,5,2663.43,2023.11,1000
113,6,7184.31,6487.43,4000
113,7,3532.73,3472.88,2000
114,0,4645.25,3557.97,2000
114,1,2664.83,2184.35,1000
114,2,1308.48,946.91,500
114,3,6002.81,5500.84,4000
114,4,6000.0,4157.92,2000
114,5,2524.48,1880.39,1000
114,6,7323.19,6822.68,4000
114,7,3303.05,3184.94,2000
115,0,4300.84,3612.78,2000
115,1,2523.64,2346.85,2000
115,2,1461.69,927.97,500
115,3,6524.92,5809.06,4000
115,4,5603.5,4674.26,4000
115,5,2242.49,2082.29,1000
115,6,7790.93,6757.69,4000
115,7,3400.46,3262.71,2000
116,0,4069.49,3517.14,2000
116,1,2587.49,2070.85,1000
116,2,1327.39,1125.07,1000
116,3,6422.9,5466.57,4000
116,4,5354.55,4793.68,4000
116,5,2340.16,2260.86,2000
116,6,8005.54,6596.87,4000
116,7,3341.8,3349.28,2000
117,0,4000.0,3736.28,2000
117,1,2536.74,1811.17,1000
117,2,1207.38,1048.93,500
117,3,6407.02,5613.21,4000
117,4,5663.91,4277.38,2000
117,5,2271.56,2169.24,1000
117,6,7994.84,6340.34,4000
117,7,3356.31,3143.44,2000
118,0,4224.27,3743.12,2000
118,1,2855.46,2134.99,1000
118,2,1305.11,1152.64,1000
118,3,6122.59,6167.13,4000
118,4,5613.54,4856.19,4000
118,5,2270.58,2280.27,2000
118,6,8144.54,6912.32,4000
118,7,3523.39,3481.06,2000
119,0,4326.71,3755.19,2000
119,1,2640.19,2210.4,1000
119,2,1515.62,1208.17,1000
119,3,6297.07,5910.43,4000
119,4,5502.78,5010.71,4000
119,5,2198.66,2075.07,1000
119,6,8218.68,6393.28,4000
119,7,3639.19,3213.32,2000
120,0,4330.61,3644.16,2000
120,1,2865.76,2384.49,2000
120,2,1379.45,1100.59,500
120,3,6676.89,5652.34,4000
120,4,5630.47,4891.56,4000
120,5,2353.25,1938.26,1000
120,6,8054.22,6804.48,4000
120,7,3852.82,3193.68,2000
121,0,4395.72,3890.67,2000
121,1,2731.05,2280.29,2000
121,2,1228.17,1065.38,500
121,3,6186.23,5597.62,4000
121,4,5717.89,5170.88,4000
121,5,2118.53,2015.62,1000
121,6,8078.06,6212.34,4000
121,7,3786.96,3100.34,2000
122,0,4479.19,4326.07,2000
122,1,3088.89,2501.33,2000
122,2,1390.43,1124.73,1000
122,3,5858.18,5347.99,4000
122,4,5873.4,4790.06,4000
122,5,2317.87,2137.17,1000
122,6,8174.76,6296.92,4000
122,7,4059.7,2961.88,2000
123,0,4635.56,4602.02,4000
123,1,3310.2,2607.58,2000
123,2,1301.58,1085.37,500
123,3,5889.07,5135.7,4000
123,4,6000.0,4941.55,4000
123,5,2242.0,2002.17,1000
123,6,7910.03,5996.23,4000
123,7,4430.12,3323.57,2000
124,0,5024.1,4422.82,2000
124,1,3523.69,2638.97,2000
124,2,1363.81,1167.44,1000
124,3,6004.89,5182.5,4000
124,4,6000.0,4742.74,4000
124,5,2325.73,1955.52,1000
124,6,7277.64,5857.64,4000
124,7,4355.97,3643.22,2000
125,0,5181.49,4449.47,4000
125,1,3322.61,2722.05,2000
125,2,1498.11,1129.83,1000
125,3,5846.99,4800.2,4000
125,4,6000.0,4664.16,4000
125,5,2448.78,1777.89,1000
125,6,7269.24,6078.36,4000
125,7,4469.65,3700.19,2000
126,0,5166.05,4305.17,2000
126,1,3442.47,2500.82,2000
126,2,1629.29,1183.13,1000
126,3,5684.55,4587.95,4000
126,4,5699.2,4584.75,4000
126,5,2292.47,1749.21,1000
126,6,7147.44,5969.34,4000
126,7,4381.67,3725.47,2000
127,0,5253.5,4275.0,2000
127,1,3191.46,2513.88,2000
127,2,1614.97,1380.55,1000
127,3,5240.49,4826.73,4000
127,4,5679.05,4851.34,4000
127,5,2167.51,1662.35,1000
127,6,7376.29,5766.21,4000
127,7,4244.29,3787.66,2000
128,0,5240.39,4412.1,2000
128,1,3617.49,2539.27,2000
128,2,1802.0,1537.96,1000
128,3,5224.99,5057.85,4000
128,4,5916.91,4866.07,4000
128,5,2112.54,1587.34,1000
128,6,6950.32,5643.09,4000
128,7,4013.17,3425.47,2000
129,0,5088.43,4231.57,2000
129,1,3482.7,2696.68,2000
129,2,1719.76,1488.81,1000
129,3,5433.32,4860.69,4000
129,4,5640.7,4775.49,4000
129,5,2145.62,1581.32,1000
129,6,7254.81,6036.87,4000
129,7,3884.87,3416.52,2000
130,0,4566.67,3772.17,2000
130,1,3336.55,2391.82,2000
130,2,1715.11,1299.04,1000
130,3,5205.9,4774.79,4000
130,4,5406.57,4697.68,4000
130,5,2045.45,1657.56,1000
130,6,7327.86,6142.5,4000
130,7,3838.04,3118.32,2000
131,0,4693.74,3737.8,2000
131,1,4318.11,2721.42,2000
131,2,1402.49,1264.5,1000
131,3,5637.08,4463.14,4000
131,4,5334.71,4603.07,4000
131,5,2088.55,1661.58,1000
131,6,7316.48,6556.48,4000
131,7,3731.98,3322.33,2000
132,0,4718.25,3802.62,2000
132,1,4642.08,3155.06,2000
132,2,1294.66,1296.44,1000
132,3,5823.33,4623.59,4000
132,4,5286.03,4280.9,2000
132,5,2078.92,1833.97,1000
132,6,7339.42,6949.98,4000
132,7,3795.04,3407.02,2000
133,0,4567.26,3721.63,2000
133,1,4584.69,3281.15,2000
133,2,1048.74,1150.2,1000
133,3,5725.21,4010.87,2000
133,4,5535.18,4738.87,4000
133,5,2008.95,1852.08,1000
133,6,7499.54,6409.84,4000
133,7,3747.41,3691.92,2000
134,0,4851.16,3881.34,2000
134,1,4308.12,3209.19,2000
134,2,1000.0,986.79,500
134,3,5573.06,4145.37,2000
134,4,5402.93,4765.36,4000
134,5,1850.46,1794.56,1000
134,6,7805.31,6779.41,4000
134,7,3682.7,3542.08,2000
135,0,5034.29,4029.64,2000
135,1,4380.3,3485.32,2000
135,2,1000.0,881.86,500
135,3,5333.05,4264.54,2000
135,4,5372.25,4866.9,4000
135,5,1864.47,1772.95,1000
135,6,7522.76,5893.56,4000
135,7,4285.62,3278.06,2000
136,0,4930.88,3969.61,2000
136,1,4852.22,3819.51,2000
136,2,1083.48,840.42,500
136,3,4999.18,4235.22,2000
136,4,5493.76,4565.11,4000
136,5,1632.37,1453.81,1000
136,6,7793.43,6624.85,4000
136,7,4167.84,3220.95,2000
137,0,4463.45,4127.03,2000
137,1,4755.09,3696.05,2000
137,2,1112.05,842.87,500
137,3,5111.49,4111.26,2000
137,4,5366.31,4716.38,4000
137,5,1637.54,1379.3,1000
137,6,7171.35,6544.92,4000
137,7,4003.28,3010.18,2000
138,0,4569.82,3892.79,2000
138,1,5054.4,3752.22,2000
138,2,1000.0,813.3,500
138,3,4934.13,4009.69,2000
138,4,5294.17,4314.86,2000
138,5,1519.98,1387.52,1000
138,6,7605.08,6603.85,4000
138,7,3789.08,3112.01,2000
139,0,4620.4,4360.69,2000
139,1,5462.37,4299.77,2000
139,2,1000.0,780.79,500
139,3,5388.64,4152.47,2000
139,4,5487.96,4620.89,4000
139,5,1602.93,1474.5,1000
139,6,7663.59,6902.26,4000
139,7,3726.95,3500.93,2000
140,0,4132.63,4395.24,2000
140,1,5498.26,4445.02,4000
140,2,1000.0,800.69,500
140,3,5578.57,4240.74,2000
140,4,5464.35,5017.8,4000
140,5,1665.87,1455.62,1000
140,6,7447.62,6230.53,4000
140,7,4046.82,3553.54,2000
141,0,4000.0,4105.41,2000
141,1,5427.48,4653.11,4000
141,2,1000.0,860.56,500
141,3,5276.2,4174.15,2000
141,4,5561.59,4354.43,2000
141,5,1703.6,1536.69,1000
141,6,7399.05,6216.49,4000
141,7,3857.87,3407.49,2000
142,0,4010.33,3950.07,2000
142,1,5538.23,4619.42,4000
142,2,1142.73,879.5,500
142,3,5020.91,4176.59,2000
142,4,5679.96,4362.46,2000
142,5,1663.45,1472.04,1000
142,6,7610.74,5360.53,4000
142,7,3326.06,3137.34,2000
143,0,4000.0,3628.2,2000
143,1,5565.58,4112.69,2000
143,2,1342.03,962.55,500
143,3,5099.21,3996.99,2000
143,4,5528.34,4280.11,2000
143,5,1731.83,1566.33,1000
143,6,7495.97,5286.35,4000
143,7,3152.41,2833.88,2000
144,0,4243.83,3584.33,2000
144,1,5694.49,4816.24,4000
144,2,1488.79,1180.25,1000
144,3,5229.74,4797.4,4000
144,4,5252.42,4474.97,4000
144,5,1682.22,1655.02,1000
144,6,7300.92,6640.34,4000
144,7,3485.06,2932.37,2000
145,0,4000.0,3618.7,2000
145,1,5224.48,4686.54,4000
145,2,1595.7,1191.91,1000
145,3,4758.95,4337.21,2000
145,4,5159.34,4504.72,4000
145,5,1747.81,1645.08,1000
145,6,7347.21,7047.17,4000
145,7,3591.42,3169.56,2000
146,0,4000.0,3674.52,2000
146,1,5093.37,4206.33,2000
146,2,1485.4,1153.19,1000
146,3,4939.32,4676.33,4000
146,4,4896.8,4121.88,2000
146,5,1861.44,1431.6,1000
146,6,7689.85,6553.85,4000
146,7,3765.22,3299.55,2000
147,0,4251.86,3486.42,2000
147,1,4779.64,4350.25,2000
147,2,1513.11,1217.81,1000
147,3,5173.8,4309.12,2000
147,4,4899.93,4286.57,2000
147,5,2291.7,1748.15,1000
147,6,7272.7,6226.41,4000
147,7,4029.9,3236.63,2000
148,0,4192.33,3741.86,2000
148,1,4791.14,4621.9,4000
148,2,1377.42,1252.33,1000
148,3,5466.99,4441.72,2000
148,4,5066.28,4721.43,4000
148,5,2582.88,2082.39,1000
148,6,7053.12,6183.6,4000
148,7,3935.4,3686.3,2000
149,0,4484.88,3402.42,2000
149,1,4824.72,4519.12,4000
149,2,1389.36,1157.62,1000
149,3,5605.51,4632.65,4000
149,4,4850.86,4925.9,4000
149,5,2587.39,1919.36,1000
149,6,6515.02,6149.09,4000
149,7,4154.51,3597.19,2000
150,0,4903.98,3904.47,2000
150,1,4588.34,4628.53,4000
150,2,1216.35,1204.65,1000
150,3,5889.83,4562.11,4000
150,4,4935.49,5221.97,4000
150,5,2446.7,1809.68,1000
150,6,6569.18,5958.91,4000
150,7,3898.08,3350.97,2000
151,0,4953.01,3698.46,2000
151,1,4362.32,4496.67,4000
151,2,1000.0,1137.22,1000
151,3,5954.33,4862.44,4000
151,4,5211.46,4743.66,4000
151,5,2517.97,1886.47,1000
151,6,6568.58,5708.14,4000
151,7,3750.76,3190.26,2000
152,0,4696.42,3688.19,2000
152,1,4669.82,4400.32,2000
152,2,1000.0,1010.53,500
152,3,6361.45,4941.81,4000
152,4,5140.37,4885.32,4000
152,5,2756.56,1894.01,1000
152,6,6738.31,5214.06,4000
152,7,3716.51,3000.0,2000
153,0,4247.95,3652.94,2000
153,1,4330.96,3981.74,2000
153,2,1000.0,871.48,500
153,3,6849.76,4847.1,4000
153,4,5008.9,4635.83,4000
153,5,2783.22,1857.32,1000
153,6,6838.43,6144.71,4000
153,7,3749.27,3219.17,2000
154,0,4524.42,3641.87,2000
154,1,4189.97,3842.19,2000
154,2,1000.0,902.81,500
154,3,6869.3,5208.28,4000
154,4,5224.31,5151.3,4000
154,5,2804.08,2008.04,1000
154,6,6444.18,5756.11,4000
154,7,3548.57,3217.03,2000
155,0,4633.42,3984.93,2000
155,1,3556.91,3356.0,2000
155,2,1102.31,928.32,500
155,3,6900.84,5255.6,4000
155,4,5168.69,4881.53,4000
155,5,3000.0,2212.1,1000
155,6,6275.45,5272.19,4000
155,7,3447.8,3257.83,2000
156,0,4744.47,4092.44,2000
156,1,3832.24,3042.86,2000
156,2,1172.29,969.99,500
156,3,7237.4,5316.7,4000
156,4,5299.25,4681.16,4000
156,5,2985.31,2150.08,1000
156,6,6843.56,5141.9,4000
156,7,3670.06,3103.22,2000
157,0,4712.55,4495.33,4000
157,1,3692.09,3324.44,2000
157,2,1000.0,944.21,500
157,3,7750.64,5044.16,4000
157,4,5571.44,4433.19,2000
157,5,2928.87,2126.92,1000
157,6,6848.26,5176.0,4000
157,7,3377.15,2844.91,2000
158,0,4957.01,4060.95,2000
158,1,3165.68,3150.12,2000
158,2,1173.04,997.94,500
158,3,8097.23,5663.49,4000
158,4,5495.9,4270.93,2000
158,5,2538.4,2151.81,1000
158,6,6757.93,5410.52,4000
158,7,3361.1,3202.17,2000
159,0,4911.22,3993.84,2000
159,1,3076.51,3027.95,2000
159,2,1350.13,1084.32,500
159,3,7940.4,5711.76,4000
159,4,5507.2,4602.79,4000
159,5,2546.08,2091.27,1000
159,6,6632.49,5196.14,4000
159,7,3017.98,3047.72,2000
160,0,5036.91,3725.5,2000
160,1,2453.19,2642.7,2000
160,2,1205.28,1057.47,500
160,3,8347.69,5716.12,4000
160,4,5361.76,4473.76,4000
160,5,2369.99,1956.32,1000
160,6,6583.0,5223.68,4000
160,7,3534.96,3261.67,2000
161,0,5381.03,3918.99,2000
161,1,2531.48,2583.46,2000
161,2,1308.34,991.33,500
161,3,8714.33,5838.01,4000
161,4,5083.86,4374.71,2000
161,5,2364.62,1960.35,1000
161,6,6450.14,5334.02,4000
161,7,3142.99,2953.4,2000
162,0,5620.63,4510.62,4000
162,1,2544.39,2593.96,2000
162,2,1342.71,1020.0,500
162,3,8982.91,6897.47,4000
162,4,5139.95,4411.85,2000
162,5,2500.22,2050.5,1000
162,6,6375.77,5412.61,4000
162,7,3470.99,2942.14,2000
163,0,6151.82,4697.11,4000
163,1,2877.23,2515.88,2000
163,2,1630.76,1243.71,1000
163,3,8677.18,6829.86,4000
163,4,5157.76,4890.8,4000
163,5,2306.2,1903.57,1000
163,6,6201.85,5250.52,4000
163,7,3241.46,2856.81,2000
164,0,6235.86,4613.92,4000
164,1,2820.36,2501.07,2000
164,2,1507.17,1294.9,1000
164,3,8497.4,6791.75,4000
164,4,5670.21,5062.77,4000
164,5,2306.3,2055.62,1000
164,6,6397.38,5094.79,4000
164,7,3043.73,2771.1,2000
165,0,5892.64,4248.3,2000
165,1,2908.23,2458.16,2000
165,2,1210.44,1217.41,1000
165,3,8509.14,7376.96,4000
165,4,6000.0,5148.28,4000
165,5,2164.12,1983.16,1000
165,6,6188.8,4977.96,4000
165,7,3234.74,2626.18,2000
166,0,5689.89,4678.59,4000
166,1,2629.72,2322.51,2000
166,2,1249.24,1175.37,1000
166,3,8562.32,6624.47,4000
166,4,6000.0,5137.33,4000
166,5,2099.45,1901.77,1000
166,6,6290.81,5460.18,4000
166,7,3372.44,2579.53,2000
167,0,5654.35,4679.32,4000
167,1,2714.39,2351.89,2000
167,2,1403.65,1141.3,1000
167,3,8780.4,6712.31,4000
167,4,5714.25,5143.54,4000
167,5,2222.47,1826.29,1000
167,6,6274.64,5856.96,4000
167,7,3390.66,2677.8,2000
168,0,5958.9,4867.07,4000
168,1,2978.73,2475.85,2000
168,2,1534.48,1201.74,1000
168,3,8701.63,6878.67,4000
168,4,5571.31,5008.93,4000
168,5,2272.36,1819.66,1000
168,6,6507.92,5748.29,4000
168,7,3334.98,2500.46,2000
169,0,6769.68,5073.54,4000
169,1,3555.71,2733.19,2000
169,2,1507.27,1124.57,1000
169,3,8675.05,6323.25,4000
169,4,5820.2,4539.84,4000
169,5,2527.84,2009.05,1000
169,6,6098.41,5633.42,4000
169,7,2888.39,2357.41,2000
170,0,6677.03,4622.17,4000
170,1,3218.7,2761.26,2000
170,2,1400.06,1058.78,500
170,3,8805.37,7055.76,4000
170,4,5900.62,4829.28,4000
170,5,2553.05,1985.76,1000
170,6,5849.63,5574.67,4000
170,7,2843.01,2671.32,2000
171,0,6746.37,4447.99,4000
171,1,3213.13,2855.82,2000
171,2,1448.38,1115.93,1000
171,3,8802.59,7135.28,4000
171,4,5697.37,4462.32,4000
171,5,2676.54,1921.34,1000
171,6,5906.07,4948.82,4000
171,7,2847.41,2596.35,2000
172,0,6227.47,4544.01,4000
172,1,3191.61,2594.95,2000
172,2,1425.83,1097.26,500
172,3,8720.92,7931.21,4000
172,4,5436.73,4440.61,2000
172,5,2500.7,1987.85,1000
172,6,6022.16,5078.26,4000
172,7,2709.77,2539.41,2000
173,0,6186.39,4430.67,2000
173,1,3244.63,2682.26,2000
173,2,1276.83,1130.45,1000
173,3,8466.95,7657.1,4000
173,4,5089.59,4165.46,2000
173,5,2260.66,1944.33,1000
173,6,5717.84,4758.97,4000
173,7,2749.64,2423.68,2000
174,0,6086.41,4643.31,4000
174,1,3311.96,2712.42,2000
174,2,1270.09,1138.66,1000
174,3,8512.57,6840.62,4000
174,4,4922.06,4308.6,2000
174,5,2436.42,1927.37,1000
174,6,5423.79,4476.07,4000
174,7,2871.53,2359.09,2000
175,0,6488.61,4892.56,4000
175,1,3519.02,2666.84,2000
175,2,1433.72,1143.62,1000
175,3,8396.84,6659.96,4000
175,4,4884.58,3978.44,2000
175,5,2221.45,1850.18,1000
175,6,5292.63,4292.4,2000
175,7,2994.94,2326.84,2000
176,0,6568.49,5068.2,4000
176,1,3932.42,3096.79,2000
176,2,1454.7,1155.73,1000
176,3,8645.87,6716.55,4000
176,4,4537.02,3713.57,2000
176,5,2245.11,1902.94,1000
176,6,5018.29,4028.87,2000
176,7,2625.71,2182.45,1000
177,0,6019.46,5247.11,4000
177,1,3891.89,3510.74,2000
177,2,1476.16,1344.43,1000
177,3,8858.27,7642.31,4000
177,4,4710.23,4103.57,2000
177,5,2332.5,2071.66,1000
177,6,4818.3,4145.12,2000
177,7,2148.71,2159.75,1000
178,0,6436.73,5194.06,4000
178,1,3656.25,3590.35,2000
178,2,1718.38,1534.67,1000
178,3,8777.77,7649.19,4000
178,4,5041.59,4044.9,2000
178,5,2121.48,2077.83,1000
178,6,4964.78,4371.48,2000
178,7,2000.0,2161.18,1000
179,0,6674.12,5926.49,4000
179,1,3641.4,3681.44,2000
179,2,1996.7,1567.31,1000
179,3,8833.82,8073.06,4000
179,4,4954.99,4467.66,4000
179,5,1879.74,2147.66,1000
179,6,4899.11,4725.43,4000
179,7,2000.0,2181.3,1000
180,0,6689.15,5817.8,4000
180,1,3738.47,3141.76,2000
180,2,2184.13,1624.96,1000
180,3,8500.63,7842.92,4000
180,4,4867.63,4439.12,2000
180,5,1763.86,1900.95,1000
180,6,4993.9,4279.37,2000
180,7,2307.56,2017.68,1000
181,0,6968.35,6260.52,4000
181,1,3785.08,3012.89,2000
181,2,2074.38,1947.91,1000
181,3,8973.24,8703.17,4000
181,4,4879.95,4484.15,4000
181,5,1879.18,1801.21,1000
181,6,4841.84,4523.84,4000
181,7,2398.33,2141.24,1000
182,0,7057.27,6825.82,4000
182,1,3832.97,2902.43,2000
182,2,2150.32,1885.02,1000
182,3,9335.07,7945.98,4000
182,4,5021.98,4710.22,4000
182,5,1721.73,1611.98,1000
182,6,5182.49,4187.66,2000
182,7,2808.49,2371.33,2000
183,0,6541.0,6457.52,4000
183,1,3840.09,2968.26,2000
183,2,1838.65,1555.14,1000
183,3,9254.99,7388.83,4000
183,4,5432.82,4428.11,2000
183,5,1775.83,1610.37,1000
183,6,4966.61,3831.83,2000
183,7,2800.69,2277.01,2000
184,0,6521.23,5933.2,4000
184,1,3695.3,3316.68,2000
184,2,1766.52,1564.6,1000
184,3,9429.03,7865.86,4000
184,4,5303.4,4504.27,4000
184,5,1762.62,1635.44,1000
184,6,5509.1,4731.3,4000
184,7,2444.77,2415.59,2000
185,0,6736.79,6022.89,4000
185,1,3341.25,3087.98,2000
185,2,1593.85,1379.89,1000
185,3,8719.26,8001.68,4000
185,4,5101.06,4378.9,2000
185,5,1906.12,1717.35,1000
185,6,5638.33,4728.52,4000
185,7,2389.39,2237.41,2000
186,0,6851.86,6173.22,4000
186,1,3389.96,2938.08,2000
186,2,1440.9,1307.11,1000
186,3,8770.85,7720.92,4000
186,4,5466.6,4070.43,2000
186,5,1973.42,1811.74,1000
186,6,5878.83,4468.95,4000
186,7,2330.14,2051.78,1000
187,0,6761.08,6557.5,4000
187,1,2888.09,2660.9,2000
187,2,1382.64,1288.19,1000
187,3,8694.45,7799.76,4000
187,4,5625.02,4166.47,2000
187,5,1868.69,1791.11,1000
187,6,6298.5,5124.42,4000
187,7,2000.0,1909.06,1000
188,0,6909.95,6439.35,4000
188,1,2740.62,2551.72,2000
188,2,1362.82,1273.28,1000
188,3,8712.52,7501.01,4000
188,4,5249.96,4390.23,2000
188,5,1751.86,1649.36,1000
188,6,6636.27,5462.8,4000
188,7,2221.55,1785.98,1000
189,0,6849.28,6369.51,4000
189,1,2268.12,2243.85,2000
189,2,1294.6,1176.77,1000
189,3,8452.57,7472.54,4000
189,4,5098.05,4332.68,2000
189,5,1731.27,1644.42,1000
189,6,6875.71,5512.42,4000
189,7,2273.45,1914.83,1000
190,0,7004.0,6234.23,4000
190,1,2677.71,2253.59,2000
190,2,1351.8,1154.12,1000
190,3,8530.48,7320.13,4000
190,4,4718.33,4314.92,2000
190,5,1336.66,1416.77,1000
190,6,6972.81,5478.21,4000
190,7,2249.74,1931.74,1000
191,0,6895.81,6157.72,4000
191,1,2876.16,2157.24,1000
191,2,1307.19,1099.56,500
191,3,8468.89,7576.54,4000
191,4,4964.92,4812.63,4000
191,5,1229.86,1241.12,1000
191,6,6587.11,5420.84,4000
191,7,2209.58,1808.99,1000
192,0,6776.12,6296.57,4000
192,1,2966.03,1961.3,1000
192,2,1659.55,1309.91,1000
192,3,8289.87,7093.29,4000
192,4,4860.76,3984.85,2000
192,5,1220.39,1242.31,1000
192,6,6686.06,5396.84,4000
192,7,2275.47,1705.83,1000
193,0,6803.75,6527.08,4000
193,1,2809.45,1799.29,1000
193,2,1733.66,1285.35,1000
193,3,7576.22,6848.2,4000
193,4,4646.55,4363.58,2000
193,5,1051.48,1147.3,1000
193,6,6621.97,5513.85,4000
193,7,2140.96,1569.54,1000
194,0,6802.36,5961.96,4000
194,1,3104.08,2091.66,1000
194,2,1527.65,1183.21,1000
194,3,7706.19,6497.64,4000
194,4,5113.75,4631.79,4000
194,5,1114.44,1062.65,500
194,6,6691.12,5243.14,4000
194,7,2143.1,1685.49,1000
195,0,6843.43,6042.36,4000
195,1,3653.14,2468.24,2000
195,2,1601.6,1206.69,1000
195,3,7691.81,6382.11,4000
195,4,5382.59,4936.05,4000
195,5,1146.04,1010.44,500
195,6,6743.5,5511.15,4000
195,7,2000.0,1502.86,1000
196,0,6810.4,5870.05,4000
196,1,3522.2,2668.43,2000
196,2,1397.81,1264.01,1000
196,3,7421.88,6310.08,4000
196,4,4877.14,4612.22,4000
196,5,1130.85,1015.87,500
196,6,6593.89,5364.32,4000
196,7,2000.0,1563.3,1000
197,0,6439.38,5693.79,4000
197,1,3470.09,2492.35,2000
197,2,1578.8,1244.29,1000
197,3,7040.09,5924.38,4000
197,4,4613.37,4127.12,2000
197,5,1149.79,1009.4,500
197,6,6347.73,5469.64,4000
197,7,2000.0,1499.36,1000
198,0,6337.06,5990.87,4000
198,1,3721.57,2471.12,2000
198,2,1409.68,1183.56,1000
198,3,7322.06,6345.58,4000
198,4,4651.99,4200.21,2000
198,5,1099.3,959.88,500
198,6,6342.76,5544.75,4000
198,7,2000.0,1466.09,1000
199,0,5821.21,5541.86,4000
199,1,3642.23,2351.0,2000
199,2,1550.86,1075.55,500
199,3,7370.04,6258.94,4000
199,4,5139.08,4128.21,2000
199,5,1253.07,1044.06,500
199,6,6179.28,5351.6,4000
199,7,2006.83,1597.5,1000
200,0,5890.36,4971.0,4000
200,1,3941.1,2441.75,2000
200,2,1461.36,1126.12,1000
200,3,7894.52,6267.5,4000
200,4,5007.67,3593.07,2000
200,5,1257.93,1155.98,1000
200,6,6011.16,5327.12,4000
200,7,2062.65,1574.81,1000
201,0,5738.49,4867.57,4000
201,1,3840.01,2620.54,2000
201,2,1358.42,1117.02,1000
201,3,7536.36,5752.9,4000
201,4,5044.13,4113.69,2000
201,5,1345.73,1244.01,1000
201,6,6139.88,5432.49,4000
201,7,2267.63,1680.48,1000
202,0,5707.2,4749.88,4000
202,1,4051.73,2488.23,2000
202,2,1341.14,1081.53,500
202,3,7440.12,5516.55,4000
202,4,5179.36,4040.76,2000
202,5,1477.15,1128.24,1000
202,6,5972.8,5435.96,4000
202,7,2252.36,1777.33,1000
203,0,5794.79,4608.78,4000
203,1,3840.65,2899.33,2000
203,2,1356.51,1080.54,500
203,3,7319.41,5627.57,4000
203,4,4734.07,3923.73,2000
203,5,1142.58,1133.87,1000
203,6,6029.47,4878.85,4000
203,7,2111.97,1649.81,1000
204,0,5914.97,4471.33,4000
204,1,4214.83,2807.0,2000
204,2,1282.26,1157.71,1000
204,3,7195.02,6334.85,4000
204,4,5021.48,3752.74,2000
204,5,1187.07,1009.31,500
204,6,6346.38,5434.55,4000
204,7,2184.15,1751.65,1000
205,0,5995.77,4466.34,4000
205,1,4535.78,3081.16,2000
205,2,1476.51,1129.64,1000
205,3,7331.08,6140.78,4000
205,4,5232.93,4077.46,2000
205,5,1264.18,923.76,500
205,6,6231.09,5444.0,4000
205,7,2373.29,1829.57,1000
206,0,6094.63,4293.2,2000
206,1,4296.39,2974.74,2000
206,2,1388.11,1090.66,500
206,3,7216.42,5615.4,4000
206,4,5447.11,4315.6,2000
206,5,1515.78,995.5,500
206,6,6029.8,5292.43,4000
206,7,2642.5,2057.29,1000
207,0,6259.07,4765.39,4000
207,1,4279.01,3432.27,2000
207,2,1210.06,1145.45,1000
207,3,7480.87,5872.8,4000
207,4,5299.83,4494.56,4000
207,5,1375.44,1175.98,1000
207,6,5985.32,5633.99,4000
207,7,2414.3,2389.84,2000
208,0,6554.1,5171.89,4000
208,1,4565.08,3526.24,2000
208,2,1001.88,1044.58,500
208,3,7671.83,5974.21,4000
208,4,5286.56,4461.75,4000
208,5,1292.8,1172.37,1000
208,6,6027.32,5114.19,4000
208,7,2650.6,2349.03,2000
209,0,6646.65,5214.71,4000
209,1,4711.16,3427.73,2000
209,2,1000.0,961.94,500
209,3,7657.49,6019.17,4000
209,4,5389.19,4275.52,2000
209,5,1258.14,1165.75,1000
209,6,6375.62,5612.46,4000
209,7,2860.44,2235.08,2000
210,0,6859.77,5085.21,4000
210,1,4403.86,3606.86,2000
210,2,1217.82,896.48,500
210,3,7661.02,6982.94,4000
210,4,5240.09,4024.99,2000
210,5,1213.26,1108.39,500
210,6,6577.85,5826.07,4000
210,7,2714.33,2136.57,1000
211,0,6812.7,5770.78,4000
211,1,4702.14,3475.94,2000
211,2,1371.04,1038.35,500
211,3,7890.75,7311.42,4000
211,4,5125.18,4291.04,2000
211,5,1051.28,1152.34,1000
211,6,6424.45,6127.52,4000
211,7,2763.39,2487.54,2000
212,0,6758.71,5783.92,4000
212,1,4936.51,3503.16,2000
212,2,1616.3,1160.89,1000
212,3,8218.68,6716.17,4000
212,4,4852.14,4198.33,2000
212,5,1013.23,1047.07,500
212,6,6338.16,5957.45,4000
212,7,2885.7,2431.95,2000
213,0,6536.88,5429.93,4000
213,1,5129.46,3678.91,2000
213,2,1669.74,1150.52,1000
213,3,8534.06,5935.87,4000
213,4,4685.34,3763.69,2000
213,5,1000.0,893.28,500
213,6,6612.18,5856.12,4000
213,7,2992.03,2620.57,2000
214,0,6188.7,5304.1,4000
214,1,5120.82,4189.2,2000
214,2,1427.24,1165.75,1000
214,3,8476.71,6156.08,4000
214,4,4623.19,3652.02,2000
214,5,1093.99,909.44,500
214,6,6623.57,5588.59,4000
214,7,3147.88,2685.43,2000
215,0,6351.77,5261.39,4000
215,1,4712.99,4080.86,2000
215,2,1499.27,1294.33,1000
215,3,8212.93,5969.94,4000
215,4,4828.89,3580.5,2000
215,5,1000.0,831.75,500
215,6,6796.76,5492.04,4000
215,7,3424.34,2627.03,2000
216,0,6589.6,5184.46,4000
216,1,4844.71,3884.22,2000
216,2,1470.64,1290.33,1000
216,3,8163.38,6323.62,4000
216,4,4956.42,4082.14,2000
216,5,1190.89,838.62,500
216,6,6828.34,5522.22,4000
216,7,3307.06,2824.72,2000
217,0,6609.92,5251.38,4000
217,1,4835.24,3860.83,2000
217,2,1828.9,1370.64,1000
217,3,8459.45,6522.74,4000
217,4,5137.13,3949.12,2000
217,5,1207.66,854.24,500
217,6,7080.13,5504.39,4000
217,7,3436.56,3086.34,2000
218,0,6412.2,5425.62,4000
218,1,4843.74,3866.45,2000
218,2,1624.15,1300.38,1000
218,3,8634.82,6966.54,4000
218,4,5266.85,4164.6,2000
218,5,1282.03,862.4,500
218,6,7080.53,5525.08,4000
218,7,3540.25,3035.51,2000
219,0,6245.84,5146.65,4000
219,1,5024.22,3996.71,2000
219,2,1433.65,1299.81,1000
219,3,8802.03,6982.37,4000
219,4,5434.84,4406.55,2000
219,5,1339.66,925.55,500
219,6,6831.92,5537.97,4000
219,7,3602.64,3174.25,2000
220,0,6315.61,4547.82,4000
220,1,5097.11,3929.73,2000
220,2,1180.05,1168.1,1000
220,3,8557.41,7063.33,4000
220,4,6000.0,4702.85,4000
220,5,1293.81,864.62,500
220,6,7014.66,5675.31,4000
220,7,3439.97,3004.2,2000
221,0,6249.93,4652.72,4000
221,1,4698.13,3882.62,2000
221,2,1069.19,1082.12,500
221,3,8720.49,7162.68,4000
221,4,6000.0,4732.97,4000
221,5,1230.9,868.67,500
221,6,7203.79,5386.07,4000
221,7,2961.46,2932.71,2000
222,0,6234.27,4940.89,4000
222,1,4758.44,3927.04,2000
222,2,1081.87,997.08,500
222,3,8919.99,7122.26,4000
222,4,6000.0,4427.8,2000
222,5,1073.31,844.36,500
222,6,7420.98,5880.16,4000
222,7,2664.87,2757.48,2000
223,0,5689.71,4890.51,4000
223,1,4626.08,4091.43,2000
223,2,1000.0,946.92,500
223,3,9039.83,7801.65,4000
223,4,5343.8,4234.23,2000
223,5,1455.66,894.47,500
223,6,7553.74,5912.53,4000
223,7,2702.09,2503.69,2000
224,0,5726.45,4424.1,2000
224,1,4495.54,4217.56,2000
224,2,1461.53,951.74,500
224,3,9379.86,7834.2,4000
224,4,5032.66,4517.85,4000
224,5,1490.59,1130.06,1000
224,6,7401.73,5612.26,4000
224,7,2448.47,2469.11,2000
225,0,5533.5,4213.25,2000
225,1,4897.92,4107.98,2000
225,2,1495.65,1030.86,500
225,3,9538.85,7954.51,4000
225,4,4827.14,4264.5,2000
225,5,1307.7,1115.76,1000
225,6,7259.37,5392.82,4000
225,7,2417.47,2242.4,2000
226,0,5403.94,4899.02,4000
226,1,5229.24,4748.56,4000
226,2,1619.72,1328.78,1000
226,3,9578.34,8573.23,4000
226,4,4509.16,4457.08,4000
226,5,1339.4,1268.09,1000
226,6,7525.04,6183.99,4000
226,7,2323.56,2214.34,1000
227,0,5291.8,4508.47,4000
227,1,5288.88,4890.5,4000
227,2,1426.14,1334.8,1000
227,3,9542.53,8457.46,4000
227,4,4783.3,4416.59,2000
227,5,1010.72,1110.94,500
227,6,7908.66,6365.07,4000
227,7,2604.15,2150.74,1000
228,0,5106.86,4629.6,4000
228,1,4955.23,4374.22,2000
228,2,1368.29,1234.02,1000
228,3,9651.15,8403.07,4000
228,4,4843.35,4399.4,2000
228,5,1198.69,1123.95,1000
228,6,8106.14,6387.59,4000
228,7,2846.55,2146.31,1000
229,0,5033.25,4681.06,4000
229,1,5318.42,4410.97,2000
229,2,1597.6,1166.3,1000
229,3,9630.89,8937.69,8000
229,4,4591.24,4367.37,2000
229,5,1000.0,1051.03,500
229,6,7738.13,6469.15,4000
229,7,2503.09,2308.36,2000
230,0,5004.55,4422.82,2000
230,1,5460.11,4265.58,2000
230,2,1498.99,1247.03,1000
230,3,9618.65,8371.34,4000
230,4,4769.09,4035.47,2000
230,5,1466.94,1142.77,1000
230,6,7940.14,6601.03,4000
230,7,2291.07,2248.76,2000
231,0,5023.7,4561.06,4000
231,1,5332.17,4201.79,2000
231,2,1183.28,1349.15,1000
231,3,10129.2,8335.99,4000
231,4,4807.92,4043.93,2000
231,5,1526.66,1227.69,1000
231,6,7925.66,7457.81,4000
231,7,2107.29,2207.69,1000
232,0,4714.67,4951.66,4000
232,1,5645.76,4732.32,4000
232,2,1292.93,1361.33,1000
232,3,10263.81,8132.72,4000
232,4,4986.85,4288.57,2000
232,5,1885.81,1356.15,1000
232,6,8471.93,8077.74,4000
232,7,2000.0,2241.78,2000
233,0,4196.04,4318.28,2000
233,1,5640.25,4628.8,4000
233,2,1461.21,1345.33,1000
233,3,10217.14,7986.27,4000
233,4,5169.12,4174.89,2000
233,5,1938.49,1380.82,1000
233,6,8557.35,8097.25,4000
233,7,2000.0,2177.15,1000
234,0,4000.0,4282.99,2000
234,1,5585.33,5287.26,4000
234,2,1552.64,1338.1,1000
234,3,9828.29,8598.99,4000
234,4,5219.33,4508.06,4000
234,5,1953.61,1458.65,1000
234,6,8567.67,8607.07,4000
234,7,2259.29,2438.13,2000
235,0,4000.0,3901.79,2000
235,1,5711.58,5116.93,4000
235,2,1565.32,1324.62,1000
235,3,9649.9,8626.77,4000
235,4,4764.14,4577.57,4000
235,5,1847.74,1582.66,1000
235,6,8219.68,8192.65,4000
235,7,2685.32,2311.96,2000
236,0,4000.0,4008.7,2000
236,1,5731.85,4796.26,4000
236,2,1493.22,1261.65,1000
236,3,10284.74,8151.41,4000
236,4,4754.17,4240.11,2000
236,5,1637.1,1542.89,1000
236,6,8186.14,7433.26,4000
236,7,2815.15,2378.44,2000
237,0,4037.4,4033.27,2000
237,1,5756.31,4772.94,4000
237,2,1558.62,1259.5,1000
237,3,10495.7,7824.78,4000
237,4,4852.33,4378.24,2000
237,5,1705.14,1524.48,1000
237,6,7790.58,7192.59,4000
237,7,2827.71,2422.31,2000
238,0,4606.36,3876.14,2000
238,1,5543.26,4487.97,4000
238,2,1636.33,1312.64,1000
238,3,10363.4,8214.42,4000
238,4,4635.01,4207.21,2000
238,5,1703.51,1536.07,1000
238,6,7824.92,6584.69,4000
238,7,3557.26,2444.12,2000
239,0,4502.7,4010.77,2000
239,1,5294.46,4279.27,2000
239,2,1718.79,1467.53,1000
239,3,10813.76,7894.92,4000
239,4,4309.61,4004.29,2000
239,5,1425.56,1429.49,1000
239,6,7793.7,6191.0,4000
239,7,3561.18,2663.93,2000
240,0,4041.06,4047.03,2000
240,1,5187.3,4731.59,4000
240,2,1873.2,1789.99,1000
240,3,10729.53,9144.72,8000
240,4,4098.0,4246.29,2000
240,5,1564.41,1434.35,1000
240,6,7711.0,6291.03,4000
240,7,3433.64,2904.47,2000
241,0,4067.85,3762.58,2000
241,1,4917.67,4378.55,2000
241,2,1846.91,1692.69,1000
241,3,10829.36,8736.7,4000
241,4,4188.1,4032.75,2000
241,5,1640.05,1460.48,1000
241,6,7783.74,6787.26,4000
241,7,3306.89,2817.23,2000
242,0,4144.81,4017.3,2000
242,1,5434.73,4855.45,4000
242,2,1637.24,1747.67,1000
242,3,11130.01,9448.03,8000
242,4,4233.08,3978.59,2000
242,5,1765.73,1428.2,1000
242,6,7758.24,7364.61,4000
242,7,3096.28,2960.01,2000
243,0,4000.0,3525.74,2000
243,1,5300.08,5236.25,4000
243,2,1567.22,1606.55,1000
243,3,10759.26,9652.89,8000
243,4,4028.66,3856.25,2000
243,5,1595.65,1314.23,1000
243,6,7655.12,6695.61,4000
243,7,2911.6,2877.58,2000
244,0,4000.0,3410.82,2000
244,1,5474.81,5291.16,4000
244,2,1505.75,1610.47,1000
244,3,10955.1,9511.43,8000
244,4,3661.03,3541.01,2000
244,5,1406.24,1344.95,1000
244,6,7461.16,6101.49,4000
244,7,2931.35,2700.16,2000
245,0,4019.89,3225.07,2000
245,1,5664.52,5302.62,4000
245,2,1610.2,1509.62,1000
245,3,11024.8,8686.59,4000
245,4,3608.87,3360.34,2000
245,5,1359.34,1290.59,1000
245,6,7675.63,6223.16,4000
245,7,3069.74,2688.19,2000
246,0,4000.0,3332.36,2000
246,1,5609.38,4919.3,4000
246,2,1581.15,1451.12,1000
246,3,11159.87,7863.49,4000
246,4,3664.69,3436.58,2000
246,5,1179.58,1225.38,1000
246,6,7946.68,5918.29,4000
246,7,3122.31,2550.24,2000
247,0,4000.0,3282.74,2000
247,1,5802.09,4351.72,2000
247,2,1423.07,1451.56,1000
247,3,11266.83,8722.36,4000
247,4,3239.21,3308.62,2000
247,5,1095.38,1157.18,1000
247,6,7864.31,5598.21,4000
247,7,3541.03,2493.39,2000
248,0,4000.0,3409.92,2000
248,1,5830.61,5212.29,4000
248,2,1432.35,1365.73,1000
248,3,11034.94,8857.2,4000
248,4,3191.65,3116.09,2000
248,5,1000.0,1106.97,500
248,6,8205.12,6539.65,4000
248,7,3465.12,2900.25,2000
249,0,4643.0,3839.78,2000
249,1,5268.25,4820.85,4000
249,2,1523.66,1362.73,1000
249,3,10895.66,8580.58,4000
249,4,3045.05,2802.58,2000
249,5,1000.0,919.9,500
249,6,7977.92,6290.76,4000
249,7,3886.25,2962.02,2000
250,0,4290.23,3835.86,2000
250,1,5469.04,4573.26,4000
250,2,1559.61,1283.3,1000
250,3,11078.92,9157.9,8000
250,4,2571.86,2595.81,2000
250,5,1046.72,865.69,500
250,6,7680.98,6010.48,4000
250,7,3786.92,3090.55,2000
251,0,4147.66,3969.27,2000
251,1,5174.26,4286.02,2000
251,2,1564.69,1212.73,1000
251,3,10781.32,8190.58,4000
251,4,2803.35,2471.31,2000
251,5,1033.06,815.54,500
251,6,7636.58,6514.51,4000
251,7,3950.9,3046.76,2000
252,0,4233.11,3791.31,2000
252,1,5159.25,4958.5,4000
252,2,1474.4,1312.46,1000
252,3,10623.01,8247.74,4000
252,4,2590.7,2455.61,2000
252,5,1000.0,875.87,500
252,6,7825.5,7508.08,4000
252,7,3895.42,3107.12,2000
253,0,4477.12,3942.4,2000
253,1,5509.13,4611.77,4000
253,2,1380.1,1294.03,1000
253,3,10553.63,8111.16,4000
253,4,2331.62,2349.17,2000
253,5,1000.0,853.26,500
253,6,7816.35,7110.5,4000
253,7,4060.34,3239.68,2000
254,0,4356.54,3792.35,2000
254,1,5783.87,4579.28,4000
254,2,1674.08,1313.52,1000
254,3,10666.28,8695.34,4000
254,4,2352.31,2181.73,1000
254,5,1005.52,793.24,500
254,6,7220.27,6266.5,4000
254,7,4246.62,3700.48,2000
255,0,4397.9,3821.47,2000
255,1,5438.37,4884.79,4000
255,2,1601.54,1321.59,1000
255,3,10876.73,7968.07,4000
255,4,2089.51,2058.33,1000
255,5,1000.0,815.92,500
255,6,7163.5,5842.08,4000
255,7,4211.18,3616.21,2000
256,0,4183.81,4087.52,2000
256,1,5285.46,4888.49,4000
256,2,1769.33,1292.92,1000
256,3,10879.99,9824.08,8000
256,4,2044.7,1888.27,1000
256,5,1000.0,790.2,500
256,6,7486.51,6373.66,4000
256,7,4023.89,3903.57,2000
257,0,4092.5,3916.56,2000
257,1,4867.67,4550.22,4000
257,2,2074.71,1471.94,1000
257,3,10997.24,9023.88,8000
257,4,2000.0,1813.2,1000
257,5,1199.21,846.27,500
257,6,7243.32,6283.1,4000
257,7,4125.55,4009.34,2000
258,0,4100.37,3664.7,2000
258,1,5040.19,4338.41,2000
258,2,2237.87,1529.28,1000
258,3,11170.14,8887.92,4000
258,4,2068.28,1938.35,1000
258,5,1049.48,913.63,500
258,6,7242.63,6461.73,4000
258,7,3992.27,3683.1,2000
259,0,4396.91,3965.37,2000
259,1,5425.27,4596.92,4000
259,2,2154.89,1727.96,1000
259,3,11106.65,9782.95,8000
259,4,2000.0,1939.91,1000
259,5,1106.87,966.45,500
259,6,7523.86,6707.95,4000
259,7,3556.58,3800.44,2000
260,0,4501.6,4028.37,2000
260,1,5480.41,4585.7,4000
260,2,1964.25,1658.24,1000
260,3,11012.01,9789.9,8000
260,4,2224.67,1909.29,1000
260,5,1112.53,857.7,500
260,6,7688.74,7354.33,4000
260,7,3998.21,3672.7,2000
261,0,4298.87,4330.8,2000
261,1,5572.12,4240.1,2000
261,2,1853.18,1676.38,1000
261,3,11228.21,9369.21,8000
261,4,2262.52,2003.81,1000
261,5,1157.3,806.23,500
261,6,7493.09,7549.73,4000
261,7,4174.97,3589.64,2000
262,0,4266.14,4234.78,2000
262,1,5854.18,4318.81,2000
262,2,1721.8,1565.65,1000
262,3,11026.76,8624.09,4000
262,4,2515.09,2033.32,1000
262,5,1150.64,920.11,500
262,6,7837.71,6722.02,4000
262,7,4007.09,3740.83,2000
263,0,4105.86,4020.36,2000
263,1,6000.0,4730.88,4000
263,2,1523.95,1484.09,1000
263,3,11031.79,9370.14,8000
263,4,2559.99,2126.33,1000
263,5,1352.41,958.88,500
263,6,7927.64,7531.48,4000
263,7,3882.43,3696.36,2000
264,0,4000.0,3856.28,2000
264,1,5957.94,4808.74,4000
264,2,1534.21,1357.03,1000
264,3,10595.17,9372.46,8000
264,4,2642.9,2115.99,1000
264,5,1195.34,938.1,500
264,6,8355.4,7758.31,4000
264,7,4013.42,3604.55,2000
265,0,4021.75,3630.9,2000
265,1,5698.9,4234.32,2000
265,2,1662.72,1306.25,1000
265,3,10694.69,9578.96,8000
265,4,2741.55,2111.23,1000
265,5,1131.48,875.62,500
265,6,8468.02,7661.12,4000
265,7,3947.98,3352.62,2000
266,0,4277.46,3555.55,2000
266,1,5651.29,4155.94,2000
266,2,1576.61,1239.99,1000
266,3,10624.4,9767.36,8000
266,4,2886.39,2070.75,1000
266,5,1343.28,954.73,500
266,6,8310.99,7321.67,4000
266,7,3972.72,3182.06,2000
267,0,4228.52,3264.12,2000
267,1,5390.72,4118.37,2000
267,2,1662.17,1278.74,1000
267,3,10541.55,9659.35,8000
267,4,2756.72,2149.04,1000
267,5,1471.26,960.71,500
267,6,8318.35,7185.15,4000
267,7,4101.88,3135.11,2000
268,0,4341.54,3398.97,2000
268,1,5301.73,4306.76,2000
268,2,1666.55,1195.34,1000
268,3,10716.04,9427.59,8000
268,4,2448.58,2104.65,1000
268,5,1368.59,970.34,500
268,6,8432.68,7779.51,4000
268,7,4626.43,3382.15,2000
269,0,4415.34,3770.45,2000
269,1,5242.17,4419.45,2000
269,2,1604.97,1243.51,1000
269,3,11170.76,10068.23,8000
269,4,2742.88,1915.73,1000
269,5,1389.1,1011.13,500
269,6,7856.62,7258.84,4000
269,7,4536.18,3465.52,2000
270,0,4136.64,3525.83,2000
270,1,5541.4,4601.73,4000
270,2,1515.44,1142.26,1000
270,3,10752.15,10209.09,8000
270,4,2715.62,1801.26,1000
270,5,1394.26,1091.61,500
270,6,7896.77,7093.38,4000
270,7,4876.71,3400.22,2000
271,0,4316.89,3595.89,2000
271,1,5405.1,4333.48,2000
271,2,1954.53,1082.96,500
271,3,10503.56,9405.67,8000
271,4,2485.26,1943.43,1000
271,5,1309.45,1143.27,1000
271,6,7957.56,6506.99,4000
271,7,4759.16,3580.94,2000
272,0,4152.6,3762.14,2000
272,1,5230.67,4056.06,2000
272,2,1856.51,1165.67,1000
272,3,10406.92,9232.39,8000
272,4,2326.38,2065.57,1000
272,5,1340.7,1096.31,500
272,6,8047.65,5975.8,4000
272,7,4531.5,3806.27,2000
273,0,4000.0,3463.08,2000
273,1,5142.97,4111.68,2000
273,2,1822.35,1255.56,1000
273,3,10585.8,9509.12,8000
273,4,2000.0,1906.59,1000
273,5,1112.65,1051.6,500
273,6,8160.39,6091.98,4000
273,7,4783.18,3369.56,2000
274,0,4126.43,3558.95,2000
274,1,5121.3,4043.52,2000
274,2,2010.99,1410.64,1000
274,3,10687.31,9193.6,8000
274,4,2000.0,1935.18,1000
274,5,1000.0,1027.9,500
274,6,8359.85,6541.48,4000
274,7,4314.82,3401.71,2000
275,0,4152.16,3211.59,2000
275,1,4542.79,3940.18,2000
275,2,2262.01,1605.16,1000
275,3,10797.75,8614.1,4000
275,4,2306.76,1859.06,1000
275,5,1000.0,1000.94,500
275,6,8670.99,6547.97,4000
275,7,4872.7,3425.49,2000
276,0,4000.0,3301.86,2000
276,1,4745.19,4631.23,4000
276,2,2341.64,1829.78,1000
276,3,11012.28,8651.92,4000
276,4,2275.97,2124.25,1000
276,5,1090.39,1033.95,500
276,6,8559.58,7479.29,4000
276,7,5386.15,4310.32,2000
277,0,4084.49,3840.53,2000
277,1,4597.13,4749.9,4000
277,2,2488.0,2054.1,1000
277,3,11012.47,9601.08,8000
277,4,2447.44,2111.24,1000
277,5,1000.0,1096.81,500
277,6,8671.33,8613.95,4000
277,7,5226.51,4677.59,4000
278,0,4482.09,3654.5,2000
278,1,4454.84,4658.8,4000
278,2,2368.43,2060.38,1000
278,3,11022.7,9035.02,8000
278,4,2556.17,1974.97,1000
278,5,1000.0,970.04,500
278,6,8805.77,7976.36,4000
278,7,5303.1,4728.55,4000
279,0,4767.11,4308.43,2000
279,1,4245.57,4323.05,2000
279,2,2359.63,2046.04,1000
279,3,11134.34,9336.65,8000
279,4,2606.08,1964.47,1000
279,5,1164.13,983.14,500
279,6,8925.52,7112.09,4000
279,7,5087.78,4375.73,2000
280,0,4892.73,4390.5,2000
280,1,4022.88,4254.55,2000
280,2,2145.6,2017.44,1000
280,3,11151.67,9123.57,8000
280,4,2821.71,1956.73,1000
280,5,1000.0,916.33,500
280,6,9130.58,7289.86,4000
280,7,5292.1,4568.15,4000
281,0,4911.36,4415.27,2000
281,1,4279.29,3935.99,2000
281,2,2541.9,2031.03,1000
281,3,11301.19,9273.8,8000
281,4,2834.04,2232.47,2000
281,5,1108.37,865.13,500
281,6,9039.26,7780.21,4000
281,7,5889.09,4399.72,2000
282,0,4577.22,4030.84,2000
282,1,4613.45,3752.58,2000
282,2,2774.2,2147.25,1000
282,3,11381.25,9657.0,8000
282,4,3139.37,2420.38,2000
282,5,1128.46,851.51,500
282,6,9015.48,7015.14,4000
282,7,5805.83,4672.42,4000
283,0,4635.48,4216.83,2000
283,1,4433.94,3652.49,2000
283,2,2686.02,2192.08,1000
283,3,11438.9,9184.47,8000
283,4,2856.01,2326.71,2000
283,5,1180.95,861.73,500
283,6,8791.64,7546.43,4000
283,7,6000.0,4549.5,4000
284,0,4445.02,4103.11,2000
284,1,4486.53,3640.46,2000
284,2,2915.57,2137.34,1000
284,3,11244.38,8402.1,4000
284,4,3148.97,2644.66,2000
284,5,1405.66,923.06,500
284,6,8587.6,7480.04,4000
284,7,5636.24,4365.56,2000
285,0,4440.88,4582.57,4000
285,1,4657.36,3760.32,2000
285,2,3000.0,2291.78,2000
285,3,11189.35,8799.85,4000
285,4,3164.88,2903.92,2000
285,5,1349.9,1078.36,500
285,6,8218.2,7642.86,4000
285,7,5700.64,4530.59,4000
286,0,4463.97,4674.91,4000
286,1,4266.2,3612.44,2000
286,2,3000.0,2189.83,1000
286,3,11407.23,8963.79,8000
286,4,2852.08,2697.57,2000
286,5,1120.02,1017.53,500
286,6,8613.06,7897.03,4000
286,7,5547.7,4898.8,4000
287,0,4031.68,4534.4,4000
287,1,4754.43,3454.37,2000
287,2,2990.84,1960.02,1000
287,3,11220.03,8768.35,4000
287,4,2956.28,2493.01,2000
287,5,1295.09,987.83,500
287,6,8607.29,7397.59,4000
287,7,5867.34,4461.64,4000
288,0,4604.66,4325.24,2000
288,1,5221.3,3863.47,2000
288,2,2816.53,1983.3,1000
288,3,11615.56,8380.16,4000
288,4,2856.41,2518.1,2000
288,5,1314.47,953.69,500
288,6,8591.48,7843.89,4000
288,7,5702.4,4523.59,4000
289,0,4734.84,4408.91,2000
289,1,5139.35,3670.87,2000
289,2,2602.62,2143.12,1000
289,3,11714.03,9891.31,8000
289,4,3063.74,2594.75,2000
289,5,1219.72,1036.38,500
289,6,8664.28,7795.27,4000
289,7,5611.51,4940.99,4000
290,0,4680.71,3888.12,2000
290,1,4904.54,3806.68,2000
290,2,2802.51,2426.99,2000
290,3,11946.26,9991.42,8000
290,4,2912.52,2793.36,2000
290,5,1294.39,955.14,500
290,6,8798.63,7376.61,4000
290,7,5772.09,4910.43,4000
291,0,4641.25,3685.83,2000
291,1,4981.61,4021.72,2000
291,2,2712.45,2286.59,2000
291,3,11981.17,9571.79,8000
291,4,2930.85,2900.36,2000
291,5,1439.7,1029.51,500
291,6,9040.42,7229.38,4000
291,7,5895.58,5023.69,4000
292,0,4871.22,3844.93,2000
292,1,5236.34,4558.59,4000
292,2,2623.32,2097.38,1000
292,3,11827.14,9744.52,8000
292,4,2670.8,2601.73,2000
292,5,1544.52,1064.61,500
292,6,9402.63,7396.34,4000
292,7,5816.81,5415.3,4000
293,0,4384.39,3622.22,2000
293,1,5480.95,4793.34,4000
293,2,2501.74,2292.21,2000
293,3,12000.0,9882.06,8000
293,4,2653.69,2670.59,2000
293,5,1548.84,1117.74,1000
293,6,9356.35,7534.42,4000
293,7,6000.0,4864.43,4000
294,0,4732.4,3768.07,2000
294,1,5508.74,4810.19,4000
294,2,2699.47,2216.05,1000
294,3,11660.46,9351.19,8000
294,4,2542.87,2571.1,2000
294,5,1505.55,1167.09,1000
294,6,9327.72,7325.92,4000
294,7,6000.0,5031.31,4000
295,0,5427.39,3648.14,2000
295,1,5249.24,4430.88,2000
295,2,2496.4,2140.52,1000
295,3,11844.08,9861.09,8000
295,4,2023.59,2254.88,2000
295,5,1470.26,1029.37,500
295,6,9864.17,7604.88,4000
295,7,5613.77,4937.94,4000
296,0,5384.47,3895.6,2000
296,1,5523.86,4485.25,4000
296,2,2550.05,2173.37,1000
296,3,11860.2,9401.16,8000
296,4,2250.23,2029.79,1000
296,5,1481.1,1105.06,500
296,6,10378.62,7416.41,4000
296,7,5254.16,4535.85,4000
297,0,5413.68,4377.76,2000
297,1,5202.46,4626.3,4000
297,2,2682.06,2122.08,1000
297,3,11501.75,9916.23,8000
297,4,2332.76,1793.54,1000
297,5,1359.0,1148.39,1000
297,6,10287.2,7527.94,4000
297,7,5380.23,4566.01,4000
298,0,5536.54,4231.72,2000
298,1,5145.19,4932.46,4000
298,2,2511.51,2027.34,1000
298,3,11296.3,8568.83,4000
298,4,2658.41,1913.8,1000
298,5,1379.65,1098.59,500
298,6,10149.56,7960.84,4000
298,7,5507.65,4577.43,4000
299,0,5190.7,4455.68,4000
299,1,5370.62,5298.38,4000
299,2,2629.13,2077.92,1000
299,3,11071.79,9011.25,8000
299,4,2466.89,1912.49,1000
299,5,1310.46,1102.93,500
299,6,9586.36,7938.61,4000
299,7,5591.65,5132.31,4000
